time,name,prediction
1,5580.jpg,39
2,7710.jpg,21
3,5817.jpg,30
4,7042.jpg,657
5,5793.jpg,22
6,6045.jpg,29
7,911.jpg,19
8,7455.jpg,56
9,6644.jpg,167
10,286.jpg,14
11,2220.jpg,9
12,2935.jpg,9
13,2936.jpg,16
14,5799.jpg,52
15,2922.jpg,15
16,4877.jpg,44
17,5359.jpg,39
18,4924.jpg,58
19,2146.jpg,21
20,2953.jpg,26
21,1874.jpg,16
22,4930.jpg,48
23,3697.jpg,7
24,4957.jpg,109
25,2259.jpg,163
26,7161.jpg,12
27,3501.jpg,75
28,6973.jpg,231
29,4498.jpg,14
30,7219.jpg,32
31,2951.jpg,11
32,5833.jpg,65
33,1537.jpg,96
34,6856.jpg,20
35,4929.jpg,48
36,2152.jpg,24
37,5824.jpg,20
38,7424.jpg,106
39,4086.jpg,12
40,6648.jpg,34
41,7671.jpg,76
42,702.jpg,33
43,5378.jpg,17
44,3494.jpg,41
45,6279.jpg,12
46,6713.jpg,150
47,4958.jpg,125
48,6810.jpg,13
49,3317.jpg,28
50,7678.jpg,186
51,2166.jpg,127
52,5567.jpg,66
53,6898.jpg,136
54,5849.jpg,38
55,321.jpg,15
56,5791.jpg,26
57,7387.jpg,46
58,6260.jpg,39
59,7262.jpg,19
60,295.jpg,46
61,7605.jpg,10
62,6272.jpg,124
63,4417.jpg,35
64,7650.jpg,62
65,7493.jpg,41
66,7067.jpg,39
67,6258.jpg,9
68,4288.jpg,107
69,5385.jpg,12
70,5573.jpg,34
71,6950.jpg,30
72,7522.jpg,79
73,7609.jpg,112
74,2036.jpg,36
75,3652.jpg,40
76,2194.jpg,46
77,2173.jpg,105
78,5919.jpg,32
79,5459.jpg,63
80,4302.jpg,113
81,3308.jpg,99
82,7701.jpg,20
83,5587.jpg,12
84,4496.jpg,18
85,7676.jpg,100
86,5937.jpg,16
87,3327.jpg,31
88,5939.jpg,9
89,2955.jpg,74
90,3314.jpg,57
91,2184.jpg,28
92,4294.jpg,164
93,331.jpg,22
94,2017.jpg,109
95,7131.jpg,94
96,6262.jpg,77
97,5802.jpg,22
98,6857.jpg,44
99,2916.jpg,130
100,5924.jpg,18
101,4915.jpg,68
102,2256.jpg,57
103,6047.jpg,50
104,2262.jpg,7
105,4906.jpg,77
106,2145.jpg,11
107,5458.jpg,27
108,343.jpg,18
109,2279.jpg,33
110,5596.jpg,25
111,2240.jpg,64
112,2195.jpg,14
113,7118.jpg,31
114,988.jpg,20
115,2176.jpg,183
116,4940.jpg,38
117,6285.jpg,91
118,7645.jpg,26
119,7521.jpg,45
120,4072.jpg,9
121,2016.jpg,20
122,7283.jpg,25
123,2288.jpg,23
124,7129.jpg,59
125,7596.jpg,254
126,6547.jpg,46
127,5514.jpg,77
128,3335.jpg,330
129,351.jpg,36
130,7146.jpg,36
131,3326.jpg,113
132,4118.jpg,17
133,6243.jpg,21
134,4908.jpg,36
135,6244.jpg,45
136,3271.jpg,22
137,7298.jpg,26
138,2178.jpg,18
139,7174.jpg,49
140,6760.jpg,77
141,7277.jpg,31
142,5568.jpg,30
143,4406.jpg,20
144,5566.jpg,38
145,4063.jpg,15
146,337.jpg,15
147,3329.jpg,125
148,5375.jpg,17
149,4084.jpg,13
150,4121.jpg,16
151,7443.jpg,172
152,7109.jpg,42
153,7709.jpg,24
154,905.jpg,37
155,5144.jpg,41
156,4499.jpg,7
157,4942.jpg,54
158,5367.jpg,116
159,7683.jpg,38
160,2284.jpg,29
161,7666.jpg,26
162,298.jpg,33
163,2147.jpg,22
164,4912.jpg,34
165,6050.jpg,20
166,6645.jpg,21
167,5826.jpg,31
168,3268.jpg,21
169,4921.jpg,15
170,7668.jpg,30
171,2014.jpg,11
172,4894.jpg,16
173,5597.jpg,71
174,6842.jpg,107
175,5579.jpg,35
176,6657.jpg,58
177,2268.jpg,43
178,4938.jpg,58
179,2926.jpg,24
180,3278.jpg,39
181,4079.jpg,28
182,4071.jpg,41
183,6548.jpg,15
184,7134.jpg,58
185,4881.jpg,28
186,7339.jpg,93
187,5574.jpg,81
188,2910.jpg,15
189,6274.jpg,18
190,5594.jpg,12
191,7486.jpg,89
192,5365.jpg,70
193,2237.jpg,22
194,6276.jpg,33
195,2282.jpg,87
196,7580.jpg,15
197,6811.jpg,188
198,3696.jpg,10
199,5838.jpg,99
200,6255.jpg,36
201,7539.jpg,41
202,2952.jpg,58
203,5595.jpg,16
204,2174.jpg,34
205,7462.jpg,129
206,7120.jpg,37
207,5829.jpg,192
208,5390.jpg,10
209,2244.jpg,20
210,1873.jpg,22
211,5512.jpg,60
212,4297.jpg,77
213,7693.jpg,73
214,7039.jpg,34
215,6985.jpg,97
216,7198.jpg,20
217,6049.jpg,61
218,4939.jpg,25
219,292.jpg,36
220,7295.jpg,38
221,687.jpg,362
222,698.jpg,109
223,345.jpg,60
224,6918.jpg,50
225,6920.jpg,29
226,2025.jpg,46
227,7342.jpg,53
228,904.jpg,8
229,5368.jpg,85
230,7459.jpg,7
231,6257.jpg,22
232,4888.jpg,27
233,5944.jpg,12
234,6954.jpg,80
235,7281.jpg,65
236,7711.jpg,44
237,4952.jpg,230
238,4.jpg,26
239,4500.jpg,7
240,6964.jpg,32
241,2171.jpg,21
242,5837.jpg,16
243,4493.jpg,24
244,1884.jpg,18
245,713.jpg,17
246,5796.jpg,79
247,6261.jpg,311
248,2932.jpg,21
249,4876.jpg,34
250,4292.jpg,14
251,7201.jpg,210
252,2190.jpg,20
253,2139.jpg,14
254,3500.jpg,17
255,4919.jpg,28
256,6647.jpg,70
257,6044.jpg,58
258,1888.jpg,12
259,5804.jpg,44
260,3114.jpg,29
261,4492.jpg,21
262,322.jpg,21
263,4089.jpg,42
264,2921.jpg,29
265,7529.jpg,89
266,7176.jpg,36
267,7273.jpg,19
268,5835.jpg,62
269,2193.jpg,30
270,6827.jpg,17
271,6269.jpg,41
272,7417.jpg,31
273,714.jpg,83
274,4962.jpg,27
275,7056.jpg,36
276,4892.jpg,30
277,4875.jpg,37
278,6879.jpg,15
279,329.jpg,25
280,7171.jpg,180
281,6658.jpg,103
282,7514.jpg,42
283,4062.jpg,169
284,4905.jpg,250
285,296.jpg,24
286,2243.jpg,346
287,4920.jpg,41
288,6928.jpg,23
289,7173.jpg,54
290,7573.jpg,20
291,302.jpg,13
292,6965.jpg,72
293,285.jpg,18
294,4950.jpg,38
295,909.jpg,17
296,5576.jpg,52
297,2920.jpg,27
298,7592.jpg,74
299,3285.jpg,33
300,4891.jpg,29
301,5827.jpg,42
302,4285.jpg,80
303,5823.jpg,62
304,4943.jpg,74
305,5940.jpg,27
306,6649.jpg,120
307,2049.jpg,76
308,2013.jpg,19
309,7136.jpg,78
310,999.jpg,32
311,335.jpg,17
312,6052.jpg,32
313,5584.jpg,51
314,6936.jpg,158
315,2162.jpg,30
316,4120.jpg,54
317,7535.jpg,83
318,7410.jpg,40
319,5931.jpg,12
320,315.jpg,42
321,2615.jpg,10
322,5853.jpg,89
323,2046.jpg,19
324,5141.jpg,21
325,2140.jpg,22
326,4069.jpg,68
327,7440.jpg,33
328,4913.jpg,9
329,3647.jpg,77
330,3336.jpg,71
331,993.jpg,15
332,6855.jpg,75
333,4422.jpg,15
334,2011.jpg,78
335,6042.jpg,8
336,4886.jpg,29
337,2151.jpg,15
338,332.jpg,12
339,4947.jpg,224
340,4416.jpg,15
341,4896.jpg,63
342,7080.jpg,20
343,3658.jpg,32
344,6263.jpg,27
345,3321.jpg,130
346,5565.jpg,9
347,4087.jpg,113
348,6815.jpg,92
349,2216.jpg,51
350,4922.jpg,10
351,5845.jpg,30
352,6650.jpg,9
353,7713.jpg,25
354,6986.jpg,27
355,7598.jpg,16
356,2941.jpg,18
357,326.jpg,19
358,4082.jpg,70
359,2915.jpg,47
360,4945.jpg,52
361,4289.jpg,24
362,291.jpg,18
363,1493.jpg,59
364,5583.jpg,10
365,3310.jpg,28
366,4909.jpg,14
367,7347.jpg,42
368,1572.jpg,25
369,7329.jpg,67
370,2917.jpg,20
371,5504.jpg,88
372,3645.jpg,76
373,4409.jpg,19
374,7216.jpg,14
375,7144.jpg,87
376,6788.jpg,64
377,7248.jpg,35
378,685.jpg,91
379,3646.jpg,17
380,5358.jpg,17
381,6750.jpg,62
382,6254.jpg,26
383,7222.jpg,28
384,3653.jpg,42
385,7097.jpg,27
386,5143.jpg,35
387,5832.jpg,122
388,5795.jpg,70
389,7123.jpg,23
390,6829.jpg,123
391,7625.jpg,30
392,7075.jpg,81
393,6908.jpg,89
394,4935.jpg,15
395,4119.jpg,20
396,4295.jpg,83
397,7023.jpg,68
398,2163.jpg,23
399,2170.jpg,126
400,5592.jpg,71
401,5918.jpg,12
402,2287.jpg,105
403,350.jpg,18
404,4941.jpg,144
405,6265.jpg,86
406,4944.jpg,40
407,4956.jpg,96
408,2192.jpg,17
409,6656.jpg,64
410,6935.jpg,29
411,3320.jpg,148
412,2159.jpg,557
413,7034.jpg,44
414,6771.jpg,27
415,5505.jpg,101
416,328.jpg,32
417,7483.jpg,158
418,4878.jpg,123
419,4897.jpg,38
420,6743.jpg,14
421,5801.jpg,134
422,2202.jpg,80
423,7239.jpg,140
424,6242.jpg,78
425,4116.jpg,25
426,3651.jpg,7
427,5834.jpg,22
428,7047.jpg,47
429,3495.jpg,83
430,7687.jpg,21
431,2040.jpg,32
432,327.jpg,11
433,2248.jpg,66
434,2617.jpg,29
435,7714.jpg,41
436,7082.jpg,85
437,3270.jpg,13
438,2191.jpg,35
439,4290.jpg,28
440,4501.jpg,19
441,2197.jpg,83
442,716.jpg,153
443,5145.jpg,18
444,4966.jpg,32
445,5831.jpg,97
446,5363.jpg,22
447,4883.jpg,13
448,7588.jpg,34
449,7564.jpg,43
450,7526.jpg,9
451,2948.jpg,14
452,4305.jpg,55
453,4965.jpg,21
454,4923.jpg,36
455,2180.jpg,169
456,4961.jpg,317
457,6253.jpg,27
458,7117.jpg,52
459,2004.jpg,154
460,1130.jpg,39
461,6739.jpg,102
462,3334.jpg,113
463,5926.jpg,28
464,3309.jpg,25
465,6938.jpg,53
466,2020.jpg,13
467,5391.jpg,16
468,2931.jpg,20
469,2012.jpg,108
470,7341.jpg,18
471,5938.jpg,36
472,6046.jpg,69
473,316.jpg,11
474,682.jpg,24
475,1456.jpg,49
476,5376.jpg,14
477,6838.jpg,16
478,5934.jpg,28
479,5362.jpg,27
480,2939.jpg,42
481,4112.jpg,14
482,5846.jpg,28
483,7175.jpg,39
484,4068.jpg,13
485,308.jpg,17
486,2223.jpg,18
487,6813.jpg,18
488,7682.jpg,29
489,7635.jpg,21
490,7633.jpg,33
491,2247.jpg,21
492,2257.jpg,8
493,6923.jpg,31
494,317.jpg,20
495,4284.jpg,88
496,5572.jpg,15
497,339.jpg,10
498,5813.jpg,22
499,3283.jpg,44
500,3333.jpg,96
501,2927.jpg,25
502,3502.jpg,67
503,5942.jpg,26
504,2165.jpg,24
505,7640.jpg,38
506,7565.jpg,49
507,4073.jpg,25
508,5806.jpg,55
509,6980.jpg,51
510,5927.jpg,33
511,3318.jpg,151
512,7442.jpg,83
513,2021.jpg,38
514,4111.jpg,25
515,7106.jpg,22
516,2204.jpg,10
517,4066.jpg,7
518,334.jpg,29
519,6053.jpg,56
520,7463.jpg,30
521,6549.jpg,22
522,6660.jpg,8
523,1455.jpg,29
524,4963.jpg,230
525,3111.jpg,15
526,330.jpg,27
527,2217.jpg,13
528,2051.jpg,10
529,1106.jpg,16
530,2168.jpg,110
531,4419.jpg,27
532,4110.jpg,15
533,347.jpg,27
534,2182.jpg,36
535,5814.jpg,45
536,2246.jpg,37
537,6833.jpg,19
538,4423.jpg,15
539,5369.jpg,28
540,5803.jpg,18
541,7284.jpg,39
542,7637.jpg,80
543,5585.jpg,15
544,2032.jpg,12
545,7312.jpg,36
546,4123.jpg,13
547,4296.jpg,37
548,2241.jpg,29
549,5800.jpg,26
550,2914.jpg,25
551,7491.jpg,100
552,4970.jpg,33
553,7282.jpg,46
554,1464.jpg,66
555,342.jpg,52
556,2925.jpg,61
557,333.jpg,32
558,7506.jpg,14
559,5511.jpg,26
560,2607.jpg,139
561,991.jpg,107
562,6247.jpg,18
563,2946.jpg,5
564,2908.jpg,25
565,311.jpg,47
566,7359.jpg,38
567,7426.jpg,237
568,7627.jpg,34
569,3112.jpg,20
570,7401.jpg,121
571,3269.jpg,20
572,3496.jpg,91
573,4088.jpg,23
574,305.jpg,15
575,7389.jpg,20
576,4494.jpg,25
577,2177.jpg,22
578,4074.jpg,22
579,2037.jpg,73
580,6271.jpg,174
581,4895.jpg,16
582,5842.jpg,31
583,995.jpg,20
584,6733.jpg,28
585,5510.jpg,97
586,6742.jpg,29
587,2619.jpg,12
588,2937.jpg,49
589,7480.jpg,46
590,5850.jpg,14
591,7153.jpg,25
592,2942.jpg,21
593,7240.jpg,43
594,5925.jpg,13
595,2225.jpg,22
596,2275.jpg,40
597,7511.jpg,41
598,5852.jpg,60
599,5818.jpg,43
600,703.jpg,32
601,6282.jpg,63
602,705.jpg,24
603,681.jpg,31
604,4067.jpg,46
605,2947.jpg,37
606,686.jpg,75
607,2232.jpg,57
608,5854.jpg,19
609,340.jpg,16
610,7108.jpg,29
611,6839.jpg,80
612,4967.jpg,20
613,5364.jpg,16
614,4174.jpg,24
615,4946.jpg,86
616,6266.jpg,50
617,4070.jpg,52
618,5932.jpg,25
619,2.jpg,8
620,5936.jpg,22
621,5929.jpg,63
622,4948.jpg,18
623,2211.jpg,52
624,6803.jpg,50
625,2172.jpg,33
626,6785.jpg,69
627,3156.jpg,34
628,3322.jpg,343
629,7145.jpg,31
630,4900.jpg,15
631,289.jpg,25
632,5562.jpg,11
633,6054.jpg,108
634,7126.jpg,21
635,1881.jpg,14
636,4959.jpg,40
637,7530.jpg,19
638,4931.jpg,44
639,4303.jpg,222
640,4964.jpg,43
641,5571.jpg,18
642,2054.jpg,55
643,2218.jpg,9
644,7167.jpg,195
645,4885.jpg,18
646,7662.jpg,30
647,7554.jpg,24
648,2042.jpg,27
649,2949.jpg,10
650,5808.jpg,30
651,693.jpg,19
652,7027.jpg,61
653,3279.jpg,10
654,7586.jpg,38
655,7472.jpg,14
656,7062.jpg,57
657,2280.jpg,129
658,6822.jpg,123
659,5508.jpg,86
660,5812.jpg,31
661,2208.jpg,6
662,2260.jpg,17
663,2954.jpg,31
664,5147.jpg,24
665,6994.jpg,49
666,2270.jpg,77
667,7384.jpg,16
668,4421.jpg,19
669,5581.jpg,10
670,7345.jpg,71
671,7595.jpg,34
672,7611.jpg,2377
673,4910.jpg,14
674,4960.jpg,35
675,7365.jpg,52
676,2943.jpg,28
677,2238.jpg,22
678,4083.jpg,46
679,7188.jpg,69
680,7206.jpg,66
681,6876.jpg,76
682,5600.jpg,96
683,4917.jpg,31
684,2245.jpg,117
685,6651.jpg,12
686,706.jpg,37
687,6250.jpg,27
688,5373.jpg,44
689,5148.jpg,31
690,4497.jpg,20
691,7195.jpg,183
692,2179.jpg,16
693,4925.jpg,100
694,2026.jpg,22
695,3698.jpg,94
696,6283.jpg,16
697,4893.jpg,36
698,2008.jpg,75
699,2934.jpg,34
700,4904.jpg,11
701,2933.jpg,54
702,2269.jpg,9
703,1887.jpg,25
704,6277.jpg,37
705,2005.jpg,130
706,5381.jpg,14
707,5943.jpg,49
708,5386.jpg,16
709,4286.jpg,365
710,2048.jpg,17
711,2181.jpg,13
712,2044.jpg,21
713,2210.jpg,29
714,2215.jpg,47
715,5840.jpg,116
716,7128.jpg,42
717,320.jpg,22
718,7221.jpg,78
719,6736.jpg,58
720,7661.jpg,45
721,2612.jpg,28
722,2213.jpg,19
723,6284.jpg,56
724,6962.jpg,23
725,689.jpg,37
726,2233.jpg,55
727,6710.jpg,56
728,4301.jpg,56
729,5809.jpg,14
730,6043.jpg,67
731,7098.jpg,55
732,2018.jpg,43
733,325.jpg,23
734,7253.jpg,53
735,6849.jpg,28
736,7617.jpg,27
737,5142.jpg,125
738,2277.jpg,49
739,6971.jpg,77
740,4953.jpg,46
741,695.jpg,10
742,3328.jpg,102
743,5464.jpg,73
744,2264.jpg,6
745,5383.jpg,12
746,2265.jpg,52
747,5844.jpg,52
748,5915.jpg,24
749,7527.jpg,30
750,7665.jpg,41
751,1497.jpg,51
752,910.jpg,14
753,7071.jpg,47
754,2041.jpg,89
755,5847.jpg,20
756,697.jpg,36
757,4407.jpg,32
758,2286.jpg,9
759,2175.jpg,103
760,4927.jpg,69
761,4951.jpg,130
762,3282.jpg,32
763,5564.jpg,19
764,6901.jpg,37
765,346.jpg,12
766,5822.jpg,112
767,4903.jpg,28
768,6264.jpg,22
769,5387.jpg,16
770,1467.jpg,17
771,2156.jpg,34
772,2029.jpg,64
773,5856.jpg,43
774,4412.jpg,8
775,6249.jpg,107
776,5933.jpg,14
777,293.jpg,34
778,2252.jpg,78
779,7520.jpg,14
780,2157.jpg,90
781,7567.jpg,46
782,6652.jpg,27
783,2038.jpg,299
784,2226.jpg,56
785,4408.jpg,8
786,7278.jpg,29
787,6280.jpg,41
788,7366.jpg,53
789,2930.jpg,56
790,3337.jpg,7
791,7523.jpg,38
792,3649.jpg,15
793,349.jpg,43
794,7512.jpg,25
795,5577.jpg,53
796,299.jpg,17
797,4884.jpg,78
798,5360.jpg,36
799,6051.jpg,56
800,6828.jpg,23
801,6273.jpg,23
802,2138.jpg,21
803,1886.jpg,13
804,5598.jpg,21
805,5921.jpg,35
806,5361.jpg,14
807,7622.jpg,55
808,301.jpg,17
809,1461.jpg,16
810,4085.jpg,80
811,2047.jpg,10
812,985.jpg,57
813,5388.jpg,17
814,6646.jpg,13
815,4890.jpg,70
816,5460.jpg,125
817,710.jpg,72
818,6735.jpg,22
819,3693.jpg,35
820,300.jpg,34
821,7536.jpg,25
822,4300.jpg,66
823,7688.jpg,36
824,6809.jpg,126
825,344.jpg,50
826,6654.jpg,39
827,7251.jpg,89
828,1509.jpg,26
829,2929.jpg,47
830,2219.jpg,318
831,4898.jpg,42
832,4173.jpg,8
833,7378.jpg,32
834,1123.jpg,332
835,5811.jpg,34
836,5855.jpg,162
837,5916.jpg,17
838,2033.jpg,20
839,5917.jpg,26
840,5820.jpg,46
841,5797.jpg,73
842,1050.jpg,91
843,4405.jpg,18
844,3276.jpg,12
845,6711.jpg,32
846,6281.jpg,656
847,3498.jpg,36
848,4911.jpg,23
849,4874.jpg,73
850,7700.jpg,21
851,2614.jpg,12
852,7538.jpg,41
853,3655.jpg,10
854,7484.jpg,27
855,3155.jpg,52
856,2153.jpg,15
857,7707.jpg,166
858,3657.jpg,32
859,2267.jpg,8
860,4889.jpg,20
861,5588.jpg,48
862,6869.jpg,28
863,6661.jpg,105
864,2052.jpg,9
865,6275.jpg,45
866,3158.jpg,54
867,5593.jpg,19
868,3157.jpg,41
869,5509.jpg,139
870,5461.jpg,15
871,2027.jpg,31
872,7555.jpg,30
873,6251.jpg,28
874,4969.jpg,97
875,348.jpg,40
876,5356.jpg,30
877,4283.jpg,62
878,5380.jpg,10
879,4115.jpg,18
880,4413.jpg,17
881,287.jpg,12
882,5815.jpg,109
883,2043.jpg,76
884,6653.jpg,211
885,709.jpg,140
886,712.jpg,46
887,2141.jpg,13
888,2227.jpg,10
889,6256.jpg,36
890,3650.jpg,24
891,5382.jpg,17
892,6048.jpg,33
893,5503.jpg,122
894,4077.jpg,149
895,7050.jpg,32
896,5.jpg,79
897,5819.jpg,10
898,5563.jpg,220
899,5805.jpg,30
900,7590.jpg,100
901,7076.jpg,22
902,2281.jpg,16
903,7452.jpg,83
904,7328.jpg,58
905,7420.jpg,27
906,4175.jpg,24
907,2053.jpg,49
908,4114.jpg,15
909,6.jpg,13
910,5836.jpg,14
911,4170.jpg,30
912,4937.jpg,16
913,692.jpg,14
914,4414.jpg,28
915,3159.jpg,39
916,2010.jpg,28
917,7581.jpg,24
918,6996.jpg,82
919,6655.jpg,69
920,6267.jpg,107
921,7192.jpg,26
922,5377.jpg,10
923,5601.jpg,20
924,4879.jpg,92
925,6268.jpg,31
926,4932.jpg,50
927,6550.jpg,18
928,6259.jpg,81
929,6906.jpg,46
930,5590.jpg,15
931,2209.jpg,10
932,7000.jpg,53
933,701.jpg,59
934,5930.jpg,34
935,2009.jpg,316
936,5575.jpg,18
937,2155.jpg,14
938,4122.jpg,18
939,309.jpg,118
940,5371.jpg,38
941,5463.jpg,24
942,2613.jpg,59
943,336.jpg,26
944,5578.jpg,32
945,2039.jpg,60
946,3643.jpg,23
947,704.jpg,54
948,288.jpg,17
949,6252.jpg,68
950,7140.jpg,69
951,5366.jpg,40
952,3312.jpg,38
953,2928.jpg,22
954,4080.jpg,20
955,4949.jpg,116
956,4887.jpg,20
957,3499.jpg,38
958,6847.jpg,51
959,5839.jpg,35
960,4954.jpg,36
961,7449.jpg,54
962,5830.jpg,29
963,4955.jpg,131
964,1463.jpg,46
965,6893.jpg,64
966,2272.jpg,8
967,5372.jpg,40
968,719.jpg,21
969,7370.jpg,20
970,5935.jpg,17
971,3656.jpg,46
972,2015.jpg,30
973,2276.jpg,36
974,7263.jpg,30
975,7550.jpg,16
976,2611.jpg,34
977,3497.jpg,163
978,6860.jpg,599
979,1053.jpg,48
980,2274.jpg,38
981,4415.jpg,14
982,2912.jpg,57
983,2944.jpg,75
984,294.jpg,83
985,2203.jpg,26
986,2207.jpg,24
987,3330.jpg,29
988,7114.jpg,250
989,2285.jpg,29
990,4078.jpg,38
991,5928.jpg,51
992,4933.jpg,33
993,2198.jpg,25
994,3313.jpg,40
995,715.jpg,17
996,998.jpg,39
997,2142.jpg,49
998,6990.jpg,34
999,7065.jpg,24
1000,6904.jpg,19
1001,5841.jpg,60
1002,3311.jpg,129
1003,7639.jpg,140
1004,3319.jpg,35
1005,711.jpg,20
1006,6960.jpg,22
1007,5507.jpg,206
1008,6956.jpg,29
1009,2938.jpg,6
1010,3275.jpg,19
1011,680.jpg,8
1012,2255.jpg,14
1013,6270.jpg,92
1014,2019.jpg,23
1015,4291.jpg,258
1016,2236.jpg,58
1017,7043.jpg,71
1018,5798.jpg,51
1019,4495.jpg,21
1020,3160.jpg,22
1021,906.jpg,82
1022,7474.jpg,16
1023,7583.jpg,11
1024,4918.jpg,61
1025,6993.jpg,27
1026,4880.jpg,33
1027,5843.jpg,65
1028,4928.jpg,25
1029,6643.jpg,24
1030,4882.jpg,34
1031,5825.jpg,15
1032,3342.jpg,6
1033,6922.jpg,63
1034,7679.jpg,38
1035,7319.jpg,234
1036,6756.jpg,24
1037,2235.jpg,57
1038,5792.jpg,50
1039,7547.jpg,11
1040,313.jpg,21
1041,5794.jpg,13
1042,7381.jpg,59
1043,2164.jpg,18
1044,4064.jpg,83
1045,7438.jpg,64
1046,290.jpg,16
1047,5807.jpg,48
1048,2031.jpg,22
1049,1462.jpg,346
1050,3323.jpg,23
1051,7030.jpg,119
1052,312.jpg,43
1053,3341.jpg,41
1054,691.jpg,39
1055,6804.jpg,18
1056,5149.jpg,62
1057,7542.jpg,46
1058,4298.jpg,54
1059,4113.jpg,50
1060,3694.jpg,27
1061,319.jpg,14
1062,2907.jpg,24
1063,2945.jpg,9
1064,7488.jpg,12
1065,1458.jpg,73
1066,1875.jpg,56
1067,3659.jpg,19
1068,6715.jpg,27
1069,2045.jpg,16
1070,5848.jpg,23
1071,4916.jpg,93
1072,6959.jpg,159
1073,341.jpg,19
1074,708.jpg,17
1075,3331.jpg,137
1076,4926.jpg,28
1077,7095.jpg,55
1078,2189.jpg,6
1079,5513.jpg,81
1080,2271.jpg,39
1081,2956.jpg,15
1082,307.jpg,21
1083,2923.jpg,44
1084,4502.jpg,18
1085,3644.jpg,14
1086,4061.jpg,70
1087,3695.jpg,12
1088,3338.jpg,183
1089,3339.jpg,14
1090,7614.jpg,41
1091,7557.jpg,17
1092,5379.jpg,13
1093,2913.jpg,9
1094,5591.jpg,34
1095,297.jpg,14
1096,7361.jpg,15
1097,3153.jpg,24
1098,306.jpg,38
1099,6241.jpg,278
1100,7412.jpg,34
1101,7096.jpg,19
1102,3.jpg,23
1103,2239.jpg,25
1104,3274.jpg,13
1105,5602.jpg,16
1106,7205.jpg,89
1107,6852.jpg,73
1108,717.jpg,24
1109,6278.jpg,39
1110,694.jpg,43
1111,4418.jpg,12
1112,7398.jpg,29
1113,2035.jpg,24
1114,1061.jpg,8
1115,7411.jpg,163
1116,6943.jpg,34
1117,5923.jpg,14
1118,2234.jpg,11
1119,2273.jpg,148
1120,7490.jpg,35
1121,3424.jpg,8
1122,7500.jpg,178
1123,310.jpg,38
1124,7015.jpg,133
1125,2199.jpg,12
1126,3154.jpg,24
1127,2143.jpg,13
1128,303.jpg,35
1129,2030.jpg,41
1130,4065.jpg,35
1131,3332.jpg,32
1132,3648.jpg,28
1133,996.jpg,23
1134,2007.jpg,83
1135,6859.jpg,29
1136,7695.jpg,48
1137,2150.jpg,16
1138,7200.jpg,34
1139,2258.jpg,57
1140,4304.jpg,28
1141,6659.jpg,9
1142,5851.jpg,29
1143,989.jpg,74
1144,990.jpg,126
1145,7473.jpg,454
1146,324.jpg,13
1147,3493.jpg,19
1148,2261.jpg,34
1149,6246.jpg,27
1150,5599.jpg,28
1151,5941.jpg,17
1152,7475.jpg,53
1153,4901.jpg,18
1154,3281.jpg,21
1155,7689.jpg,13
1156,6732.jpg,44
1157,2924.jpg,54
1158,7643.jpg,34
1159,5810.jpg,85
1160,7079.jpg,33
1161,3324.jpg,34
1162,3315.jpg,164
1163,5821.jpg,73
1164,3284.jpg,16
1165,2028.jpg,17
1166,5582.jpg,42
1167,5920.jpg,22
1168,7694.jpg,51
1169,5922.jpg,39
1170,6248.jpg,48
1171,5816.jpg,118
1172,7525.jpg,47
1173,7090.jpg,11
1174,5828.jpg,8
1175,6892.jpg,44
1176,5374.jpg,18
1177,5506.jpg,63
1178,2229.jpg,258
1179,7386.jpg,44
1180,2206.jpg,104
1181,2918.jpg,25
1182,6823.jpg,47
1183,4287.jpg,34
1184,323.jpg,25
1185,907.jpg,17
1186,5357.jpg,18
1187,4934.jpg,19
1188,6245.jpg,63
1189,1889.jpg,15
1190,6240.jpg,16
